{
    "device_name": "nqch_rd_sq_a11",
    "topology": [
        [
            0,
            1
        ]
    ],
    "nqubits": 2,
    "ncouplers": 0,
    "qubits_list": [
        "0",
        "1"
    ],
    "couplers_list": [],
    "sampling_rate": 5.89824,
    "readout_error": {
        "0": [
            0.0,
            0.0
        ],
        "1": [
            0.0,
            0.0
        ]
    },
    "drive_freq": {
        "0": 3.7944766564044334,
        "1": 3.478961131804549
    },
    "T1": {
        "0": 17400.0,
        "1": 9100.0
    },
    "T2": {
        "0": 11600.0,
        "1": 8100.0
    },
    "lo_freq": {
        "0": 3.7944766564044334,
        "1": 3.478961131804549
    },
    "rabi_freq": {
        "0": 0.114,
        "1": 0.114
    },
    "anharmonicity": {
        "0": -0.202,
        "1": -0.204
    },
    "coupling_strength": {
        "1_0": 0.0
    }
}
